[{"id":1,"name":"阿凯老师","students":100,"job":"web前端讲师"},{"id":2,"name":"小璇老师","students":200,"job":"web前端讲师"},{"id":3,"name":"小燕老师","students":300,"job":"web后端讲师"},{"id":4,"name":"阿康老师","students":400,"job":"web设计讲师"},{"id":5,"name":"小许老师","students":500,"job":"web项目管理讲师"},{"id":6,"name":"小李老师","students":600,"job":"web后端讲师"},{"id":7,"name":"小风老师","students":700,"job":"web后端讲师"},{"id":8,"name":"小辉老师","students":800,"job":"web前端讲师"},{"id":9,"name":"小倩老师","students":900,"job":"web前端GIS讲师"}]